,rewrite_prompt,Topic,Name,Representation,Representative_Docs,Top_n_words,Representative_document
4,this content into a somber wartime report.,6,6_story_journey_text_emphasize,"['story', 'journey', 'text', 'emphasize', 'vivid', 'narrative', 'passage', 'report', 'perspective', 'essay']","[""the text into a story with proud dignity, focusing on a character's memories and transformation through a long journey."", 'the text into a vivid and engaging story featuring a debate between humanity and the picturesque setting, focusing on the circle at his feet which troubled him.', ""this passage to emphasize the importance of revisiting the core of the master's story and loyalty to their journey.""]",story - journey - text - emphasize - vivid - narrative - passage - report - perspective - essay,False
10,this text into a poignant worldview narrative piece.,6,6_story_journey_text_emphasize,"['story', 'journey', 'text', 'emphasize', 'vivid', 'narrative', 'passage', 'report', 'perspective', 'essay']","[""the text into a story with proud dignity, focusing on a character's memories and transformation through a long journey."", 'the text into a vivid and engaging story featuring a debate between humanity and the picturesque setting, focusing on the circle at his feet which troubled him.', ""this passage to emphasize the importance of revisiting the core of the master's story and loyalty to their journey.""]",story - journey - text - emphasize - vivid - narrative - passage - report - perspective - essay,False
18,this topic to include the burning temple and information regarding the concept of multiple lives.,6,6_story_journey_text_emphasize,"['story', 'journey', 'text', 'emphasize', 'vivid', 'narrative', 'passage', 'report', 'perspective', 'essay']","[""the text into a story with proud dignity, focusing on a character's memories and transformation through a long journey."", 'the text into a vivid and engaging story featuring a debate between humanity and the picturesque setting, focusing on the circle at his feet which troubled him.', ""this passage to emphasize the importance of revisiting the core of the master's story and loyalty to their journey.""]",story - journey - text - emphasize - vivid - narrative - passage - report - perspective - essay,False
20,"the preserved themes from 1895 by infusing them with an air of mystery and enchantment, ensuring their safekeeping amidst the tides of time.",6,6_story_journey_text_emphasize,"['story', 'journey', 'text', 'emphasize', 'vivid', 'narrative', 'passage', 'report', 'perspective', 'essay']","[""the text into a story with proud dignity, focusing on a character's memories and transformation through a long journey."", 'the text into a vivid and engaging story featuring a debate between humanity and the picturesque setting, focusing on the circle at his feet which troubled him.', ""this passage to emphasize the importance of revisiting the core of the master's story and loyalty to their journey.""]",story - journey - text - emphasize - vivid - narrative - passage - report - perspective - essay,False
30,enhance the setting by emphasizing the castle and center the story around the mother.,6,6_story_journey_text_emphasize,"['story', 'journey', 'text', 'emphasize', 'vivid', 'narrative', 'passage', 'report', 'perspective', 'essay']","[""the text into a story with proud dignity, focusing on a character's memories and transformation through a long journey."", 'the text into a vivid and engaging story featuring a debate between humanity and the picturesque setting, focusing on the circle at his feet which troubled him.', ""this passage to emphasize the importance of revisiting the core of the master's story and loyalty to their journey.""]",story - journey - text - emphasize - vivid - narrative - passage - report - perspective - essay,False
64,the perspective of an early explorer's observations on society.,6,6_story_journey_text_emphasize,"['story', 'journey', 'text', 'emphasize', 'vivid', 'narrative', 'passage', 'report', 'perspective', 'essay']","[""the text into a story with proud dignity, focusing on a character's memories and transformation through a long journey."", 'the text into a vivid and engaging story featuring a debate between humanity and the picturesque setting, focusing on the circle at his feet which troubled him.', ""this passage to emphasize the importance of revisiting the core of the master's story and loyalty to their journey.""]",story - journey - text - emphasize - vivid - narrative - passage - report - perspective - essay,False
65,this passage as a letter to effectively highlight the exceptional works found in the rich collection of the Project Gutenberg Literary Archive.,6,6_story_journey_text_emphasize,"['story', 'journey', 'text', 'emphasize', 'vivid', 'narrative', 'passage', 'report', 'perspective', 'essay']","[""the text into a story with proud dignity, focusing on a character's memories and transformation through a long journey."", 'the text into a vivid and engaging story featuring a debate between humanity and the picturesque setting, focusing on the circle at his feet which troubled him.', ""this passage to emphasize the importance of revisiting the core of the master's story and loyalty to their journey.""]",story - journey - text - emphasize - vivid - narrative - passage - report - perspective - essay,False
66,"this passage as if the newly crowned king carefully selected his words, seemingly inspired by the sights of Banchory-Ternan in his reflection on life.",6,6_story_journey_text_emphasize,"['story', 'journey', 'text', 'emphasize', 'vivid', 'narrative', 'passage', 'report', 'perspective', 'essay']","[""the text into a story with proud dignity, focusing on a character's memories and transformation through a long journey."", 'the text into a vivid and engaging story featuring a debate between humanity and the picturesque setting, focusing on the circle at his feet which troubled him.', ""this passage to emphasize the importance of revisiting the core of the master's story and loyalty to their journey.""]",story - journey - text - emphasize - vivid - narrative - passage - report - perspective - essay,False
70,this passage into a reverberating piece of text worthy of a British warrior.,6,6_story_journey_text_emphasize,"['story', 'journey', 'text', 'emphasize', 'vivid', 'narrative', 'passage', 'report', 'perspective', 'essay']","[""the text into a story with proud dignity, focusing on a character's memories and transformation through a long journey."", 'the text into a vivid and engaging story featuring a debate between humanity and the picturesque setting, focusing on the circle at his feet which troubled him.', ""this passage to emphasize the importance of revisiting the core of the master's story and loyalty to their journey.""]",story - journey - text - emphasize - vivid - narrative - passage - report - perspective - essay,False
74,"on a short story by incorporating various perspectives and interests of different individuals involved in the narrative, such as stakeholders.",6,6_story_journey_text_emphasize,"['story', 'journey', 'text', 'emphasize', 'vivid', 'narrative', 'passage', 'report', 'perspective', 'essay']","[""the text into a story with proud dignity, focusing on a character's memories and transformation through a long journey."", 'the text into a vivid and engaging story featuring a debate between humanity and the picturesque setting, focusing on the circle at his feet which troubled him.', ""this passage to emphasize the importance of revisiting the core of the master's story and loyalty to their journey.""]",story - journey - text - emphasize - vivid - narrative - passage - report - perspective - essay,False
92,the story into a virtual quest about the moon.,6,6_story_journey_text_emphasize,"['story', 'journey', 'text', 'emphasize', 'vivid', 'narrative', 'passage', 'report', 'perspective', 'essay']","[""the text into a story with proud dignity, focusing on a character's memories and transformation through a long journey."", 'the text into a vivid and engaging story featuring a debate between humanity and the picturesque setting, focusing on the circle at his feet which troubled him.', ""this passage to emphasize the importance of revisiting the core of the master's story and loyalty to their journey.""]",story - journey - text - emphasize - vivid - narrative - passage - report - perspective - essay,False
100,the text in a vivid and evocative way.,6,6_story_journey_text_emphasize,"['story', 'journey', 'text', 'emphasize', 'vivid', 'narrative', 'passage', 'report', 'perspective', 'essay']","[""the text into a story with proud dignity, focusing on a character's memories and transformation through a long journey."", 'the text into a vivid and engaging story featuring a debate between humanity and the picturesque setting, focusing on the circle at his feet which troubled him.', ""this passage to emphasize the importance of revisiting the core of the master's story and loyalty to their journey.""]",story - journey - text - emphasize - vivid - narrative - passage - report - perspective - essay,False
106,this piece of investigative journalism to shed light on the human experience.,6,6_story_journey_text_emphasize,"['story', 'journey', 'text', 'emphasize', 'vivid', 'narrative', 'passage', 'report', 'perspective', 'essay']","[""the text into a story with proud dignity, focusing on a character's memories and transformation through a long journey."", 'the text into a vivid and engaging story featuring a debate between humanity and the picturesque setting, focusing on the circle at his feet which troubled him.', ""this passage to emphasize the importance of revisiting the core of the master's story and loyalty to their journey.""]",story - journey - text - emphasize - vivid - narrative - passage - report - perspective - essay,False
114,the passage about coping with grief to reflect the ideals of a respected philosopher in the form of a policy declaration.,6,6_story_journey_text_emphasize,"['story', 'journey', 'text', 'emphasize', 'vivid', 'narrative', 'passage', 'report', 'perspective', 'essay']","[""the text into a story with proud dignity, focusing on a character's memories and transformation through a long journey."", 'the text into a vivid and engaging story featuring a debate between humanity and the picturesque setting, focusing on the circle at his feet which troubled him.', ""this passage to emphasize the importance of revisiting the core of the master's story and loyalty to their journey.""]",story - journey - text - emphasize - vivid - narrative - passage - report - perspective - essay,False
121,the Tigers' story.,6,6_story_journey_text_emphasize,"['story', 'journey', 'text', 'emphasize', 'vivid', 'narrative', 'passage', 'report', 'perspective', 'essay']","[""the text into a story with proud dignity, focusing on a character's memories and transformation through a long journey."", 'the text into a vivid and engaging story featuring a debate between humanity and the picturesque setting, focusing on the circle at his feet which troubled him.', ""this passage to emphasize the importance of revisiting the core of the master's story and loyalty to their journey.""]",story - journey - text - emphasize - vivid - narrative - passage - report - perspective - essay,False
123,this text into a luxurious brand story with a childlike perspective.,6,6_story_journey_text_emphasize,"['story', 'journey', 'text', 'emphasize', 'vivid', 'narrative', 'passage', 'report', 'perspective', 'essay']","[""the text into a story with proud dignity, focusing on a character's memories and transformation through a long journey."", 'the text into a vivid and engaging story featuring a debate between humanity and the picturesque setting, focusing on the circle at his feet which troubled him.', ""this passage to emphasize the importance of revisiting the core of the master's story and loyalty to their journey.""]",story - journey - text - emphasize - vivid - narrative - passage - report - perspective - essay,False
134,this as a guide for improving news broadcasts with a touch of superheroes and sophistication.,6,6_story_journey_text_emphasize,"['story', 'journey', 'text', 'emphasize', 'vivid', 'narrative', 'passage', 'report', 'perspective', 'essay']","[""the text into a story with proud dignity, focusing on a character's memories and transformation through a long journey."", 'the text into a vivid and engaging story featuring a debate between humanity and the picturesque setting, focusing on the circle at his feet which troubled him.', ""this passage to emphasize the importance of revisiting the core of the master's story and loyalty to their journey.""]",story - journey - text - emphasize - vivid - narrative - passage - report - perspective - essay,False
143,"this passage to reflect the perspective and mood of anger.""",6,6_story_journey_text_emphasize,"['story', 'journey', 'text', 'emphasize', 'vivid', 'narrative', 'passage', 'report', 'perspective', 'essay']","[""the text into a story with proud dignity, focusing on a character's memories and transformation through a long journey."", 'the text into a vivid and engaging story featuring a debate between humanity and the picturesque setting, focusing on the circle at his feet which troubled him.', ""this passage to emphasize the importance of revisiting the core of the master's story and loyalty to their journey.""]",story - journey - text - emphasize - vivid - narrative - passage - report - perspective - essay,False
153,this text as a poignant war correspondent's report.,6,6_story_journey_text_emphasize,"['story', 'journey', 'text', 'emphasize', 'vivid', 'narrative', 'passage', 'report', 'perspective', 'essay']","[""the text into a story with proud dignity, focusing on a character's memories and transformation through a long journey."", 'the text into a vivid and engaging story featuring a debate between humanity and the picturesque setting, focusing on the circle at his feet which troubled him.', ""this passage to emphasize the importance of revisiting the core of the master's story and loyalty to their journey.""]",story - journey - text - emphasize - vivid - narrative - passage - report - perspective - essay,False
169,a mystery to emphasize the innermost aspects.,6,6_story_journey_text_emphasize,"['story', 'journey', 'text', 'emphasize', 'vivid', 'narrative', 'passage', 'report', 'perspective', 'essay']","[""the text into a story with proud dignity, focusing on a character's memories and transformation through a long journey."", 'the text into a vivid and engaging story featuring a debate between humanity and the picturesque setting, focusing on the circle at his feet which troubled him.', ""this passage to emphasize the importance of revisiting the core of the master's story and loyalty to their journey.""]",story - journey - text - emphasize - vivid - narrative - passage - report - perspective - essay,False
181,this to a narrative while maintaining the message.,6,6_story_journey_text_emphasize,"['story', 'journey', 'text', 'emphasize', 'vivid', 'narrative', 'passage', 'report', 'perspective', 'essay']","[""the text into a story with proud dignity, focusing on a character's memories and transformation through a long journey."", 'the text into a vivid and engaging story featuring a debate between humanity and the picturesque setting, focusing on the circle at his feet which troubled him.', ""this passage to emphasize the importance of revisiting the core of the master's story and loyalty to their journey.""]",story - journey - text - emphasize - vivid - narrative - passage - report - perspective - essay,False
191,a story for children by adding more vivid descriptions and details to bring the characters and setting to life.,6,6_story_journey_text_emphasize,"['story', 'journey', 'text', 'emphasize', 'vivid', 'narrative', 'passage', 'report', 'perspective', 'essay']","[""the text into a story with proud dignity, focusing on a character's memories and transformation through a long journey."", 'the text into a vivid and engaging story featuring a debate between humanity and the picturesque setting, focusing on the circle at his feet which troubled him.', ""this passage to emphasize the importance of revisiting the core of the master's story and loyalty to their journey.""]",story - journey - text - emphasize - vivid - narrative - passage - report - perspective - essay,False
205,the text into a gripping and engaging story.,6,6_story_journey_text_emphasize,"['story', 'journey', 'text', 'emphasize', 'vivid', 'narrative', 'passage', 'report', 'perspective', 'essay']","[""the text into a story with proud dignity, focusing on a character's memories and transformation through a long journey."", 'the text into a vivid and engaging story featuring a debate between humanity and the picturesque setting, focusing on the circle at his feet which troubled him.', ""this passage to emphasize the importance of revisiting the core of the master's story and loyalty to their journey.""]",story - journey - text - emphasize - vivid - narrative - passage - report - perspective - essay,False
207,this text as a farewell note from a renowned thinker.,6,6_story_journey_text_emphasize,"['story', 'journey', 'text', 'emphasize', 'vivid', 'narrative', 'passage', 'report', 'perspective', 'essay']","[""the text into a story with proud dignity, focusing on a character's memories and transformation through a long journey."", 'the text into a vivid and engaging story featuring a debate between humanity and the picturesque setting, focusing on the circle at his feet which troubled him.', ""this passage to emphasize the importance of revisiting the core of the master's story and loyalty to their journey.""]",story - journey - text - emphasize - vivid - narrative - passage - report - perspective - essay,False
208,"the text into a story with proud dignity, focusing on a character's memories and transformation through a long journey.",6,6_story_journey_text_emphasize,"['story', 'journey', 'text', 'emphasize', 'vivid', 'narrative', 'passage', 'report', 'perspective', 'essay']","[""the text into a story with proud dignity, focusing on a character's memories and transformation through a long journey."", 'the text into a vivid and engaging story featuring a debate between humanity and the picturesque setting, focusing on the circle at his feet which troubled him.', ""this passage to emphasize the importance of revisiting the core of the master's story and loyalty to their journey.""]",story - journey - text - emphasize - vivid - narrative - passage - report - perspective - essay,True
213,it to a captivating recommendation.,6,6_story_journey_text_emphasize,"['story', 'journey', 'text', 'emphasize', 'vivid', 'narrative', 'passage', 'report', 'perspective', 'essay']","[""the text into a story with proud dignity, focusing on a character's memories and transformation through a long journey."", 'the text into a vivid and engaging story featuring a debate between humanity and the picturesque setting, focusing on the circle at his feet which troubled him.', ""this passage to emphasize the importance of revisiting the core of the master's story and loyalty to their journey.""]",story - journey - text - emphasize - vivid - narrative - passage - report - perspective - essay,False
221,the story with shattering violence to include moral implications set in 19th-century England.,6,6_story_journey_text_emphasize,"['story', 'journey', 'text', 'emphasize', 'vivid', 'narrative', 'passage', 'report', 'perspective', 'essay']","[""the text into a story with proud dignity, focusing on a character's memories and transformation through a long journey."", 'the text into a vivid and engaging story featuring a debate between humanity and the picturesque setting, focusing on the circle at his feet which troubled him.', ""this passage to emphasize the importance of revisiting the core of the master's story and loyalty to their journey.""]",story - journey - text - emphasize - vivid - narrative - passage - report - perspective - essay,False
236,this paragraph as if it were an offer during times of strategic warfare.,6,6_story_journey_text_emphasize,"['story', 'journey', 'text', 'emphasize', 'vivid', 'narrative', 'passage', 'report', 'perspective', 'essay']","[""the text into a story with proud dignity, focusing on a character's memories and transformation through a long journey."", 'the text into a vivid and engaging story featuring a debate between humanity and the picturesque setting, focusing on the circle at his feet which troubled him.', ""this passage to emphasize the importance of revisiting the core of the master's story and loyalty to their journey.""]",story - journey - text - emphasize - vivid - narrative - passage - report - perspective - essay,False
245,modernize this essay describing how the protagonist is not surprised by the prison convict's closure impacting them emotionally.,6,6_story_journey_text_emphasize,"['story', 'journey', 'text', 'emphasize', 'vivid', 'narrative', 'passage', 'report', 'perspective', 'essay']","[""the text into a story with proud dignity, focusing on a character's memories and transformation through a long journey."", 'the text into a vivid and engaging story featuring a debate between humanity and the picturesque setting, focusing on the circle at his feet which troubled him.', ""this passage to emphasize the importance of revisiting the core of the master's story and loyalty to their journey.""]",story - journey - text - emphasize - vivid - narrative - passage - report - perspective - essay,False
259,this into the style of an epic Viking saga.,6,6_story_journey_text_emphasize,"['story', 'journey', 'text', 'emphasize', 'vivid', 'narrative', 'passage', 'report', 'perspective', 'essay']","[""the text into a story with proud dignity, focusing on a character's memories and transformation through a long journey."", 'the text into a vivid and engaging story featuring a debate between humanity and the picturesque setting, focusing on the circle at his feet which troubled him.', ""this passage to emphasize the importance of revisiting the core of the master's story and loyalty to their journey.""]",story - journey - text - emphasize - vivid - narrative - passage - report - perspective - essay,False
270,this story about boundaries.,6,6_story_journey_text_emphasize,"['story', 'journey', 'text', 'emphasize', 'vivid', 'narrative', 'passage', 'report', 'perspective', 'essay']","[""the text into a story with proud dignity, focusing on a character's memories and transformation through a long journey."", 'the text into a vivid and engaging story featuring a debate between humanity and the picturesque setting, focusing on the circle at his feet which troubled him.', ""this passage to emphasize the importance of revisiting the core of the master's story and loyalty to their journey.""]",story - journey - text - emphasize - vivid - narrative - passage - report - perspective - essay,False
321,the story so that visitors can understand it.,6,6_story_journey_text_emphasize,"['story', 'journey', 'text', 'emphasize', 'vivid', 'narrative', 'passage', 'report', 'perspective', 'essay']","[""the text into a story with proud dignity, focusing on a character's memories and transformation through a long journey."", 'the text into a vivid and engaging story featuring a debate between humanity and the picturesque setting, focusing on the circle at his feet which troubled him.', ""this passage to emphasize the importance of revisiting the core of the master's story and loyalty to their journey.""]",story - journey - text - emphasize - vivid - narrative - passage - report - perspective - essay,False
324,Salome's face in the piece to emphasize the significance it holds for the character before describing the transformation he undergoes with more vivid details.,6,6_story_journey_text_emphasize,"['story', 'journey', 'text', 'emphasize', 'vivid', 'narrative', 'passage', 'report', 'perspective', 'essay']","[""the text into a story with proud dignity, focusing on a character's memories and transformation through a long journey."", 'the text into a vivid and engaging story featuring a debate between humanity and the picturesque setting, focusing on the circle at his feet which troubled him.', ""this passage to emphasize the importance of revisiting the core of the master's story and loyalty to their journey.""]",story - journey - text - emphasize - vivid - narrative - passage - report - perspective - essay,False
326,this as if a woman is discovering her true strength among a crowd of bystanders.,6,6_story_journey_text_emphasize,"['story', 'journey', 'text', 'emphasize', 'vivid', 'narrative', 'passage', 'report', 'perspective', 'essay']","[""the text into a story with proud dignity, focusing on a character's memories and transformation through a long journey."", 'the text into a vivid and engaging story featuring a debate between humanity and the picturesque setting, focusing on the circle at his feet which troubled him.', ""this passage to emphasize the importance of revisiting the core of the master's story and loyalty to their journey.""]",story - journey - text - emphasize - vivid - narrative - passage - report - perspective - essay,False
342,this document into a historical narrative.,6,6_story_journey_text_emphasize,"['story', 'journey', 'text', 'emphasize', 'vivid', 'narrative', 'passage', 'report', 'perspective', 'essay']","[""the text into a story with proud dignity, focusing on a character's memories and transformation through a long journey."", 'the text into a vivid and engaging story featuring a debate between humanity and the picturesque setting, focusing on the circle at his feet which troubled him.', ""this passage to emphasize the importance of revisiting the core of the master's story and loyalty to their journey.""]",story - journey - text - emphasize - vivid - narrative - passage - report - perspective - essay,False
348,"the phrase ""a great soul was a"" into ""a great soul and a"" and analyze the text sequentially, focusing on details, at a 149-year-old grammar school on an old bridge.",6,6_story_journey_text_emphasize,"['story', 'journey', 'text', 'emphasize', 'vivid', 'narrative', 'passage', 'report', 'perspective', 'essay']","[""the text into a story with proud dignity, focusing on a character's memories and transformation through a long journey."", 'the text into a vivid and engaging story featuring a debate between humanity and the picturesque setting, focusing on the circle at his feet which troubled him.', ""this passage to emphasize the importance of revisiting the core of the master's story and loyalty to their journey.""]",story - journey - text - emphasize - vivid - narrative - passage - report - perspective - essay,False
354,the text into a heartfelt tribute to Kwantung Waters.,6,6_story_journey_text_emphasize,"['story', 'journey', 'text', 'emphasize', 'vivid', 'narrative', 'passage', 'report', 'perspective', 'essay']","[""the text into a story with proud dignity, focusing on a character's memories and transformation through a long journey."", 'the text into a vivid and engaging story featuring a debate between humanity and the picturesque setting, focusing on the circle at his feet which troubled him.', ""this passage to emphasize the importance of revisiting the core of the master's story and loyalty to their journey.""]",story - journey - text - emphasize - vivid - narrative - passage - report - perspective - essay,False
357,"this text: ""A character's journey from humble beginnings to achieving greatness involves facing challenges and discovering their true potential.""",6,6_story_journey_text_emphasize,"['story', 'journey', 'text', 'emphasize', 'vivid', 'narrative', 'passage', 'report', 'perspective', 'essay']","[""the text into a story with proud dignity, focusing on a character's memories and transformation through a long journey."", 'the text into a vivid and engaging story featuring a debate between humanity and the picturesque setting, focusing on the circle at his feet which troubled him.', ""this passage to emphasize the importance of revisiting the core of the master's story and loyalty to their journey.""]",story - journey - text - emphasize - vivid - narrative - passage - report - perspective - essay,False
358,the story to extract lessons from it.,6,6_story_journey_text_emphasize,"['story', 'journey', 'text', 'emphasize', 'vivid', 'narrative', 'passage', 'report', 'perspective', 'essay']","[""the text into a story with proud dignity, focusing on a character's memories and transformation through a long journey."", 'the text into a vivid and engaging story featuring a debate between humanity and the picturesque setting, focusing on the circle at his feet which troubled him.', ""this passage to emphasize the importance of revisiting the core of the master's story and loyalty to their journey.""]",story - journey - text - emphasize - vivid - narrative - passage - report - perspective - essay,False
380,the story about Nancy's determination to inspire others through a sports story involving chairs.,6,6_story_journey_text_emphasize,"['story', 'journey', 'text', 'emphasize', 'vivid', 'narrative', 'passage', 'report', 'perspective', 'essay']","[""the text into a story with proud dignity, focusing on a character's memories and transformation through a long journey."", 'the text into a vivid and engaging story featuring a debate between humanity and the picturesque setting, focusing on the circle at his feet which troubled him.', ""this passage to emphasize the importance of revisiting the core of the master's story and loyalty to their journey.""]",story - journey - text - emphasize - vivid - narrative - passage - report - perspective - essay,False
382,the text from the perspective of the winner talking about his successful journey to the West Coast.,6,6_story_journey_text_emphasize,"['story', 'journey', 'text', 'emphasize', 'vivid', 'narrative', 'passage', 'report', 'perspective', 'essay']","[""the text into a story with proud dignity, focusing on a character's memories and transformation through a long journey."", 'the text into a vivid and engaging story featuring a debate between humanity and the picturesque setting, focusing on the circle at his feet which troubled him.', ""this passage to emphasize the importance of revisiting the core of the master's story and loyalty to their journey.""]",story - journey - text - emphasize - vivid - narrative - passage - report - perspective - essay,False
394,this quickly to provide a vivid backstory on their deep dedication.,6,6_story_journey_text_emphasize,"['story', 'journey', 'text', 'emphasize', 'vivid', 'narrative', 'passage', 'report', 'perspective', 'essay']","[""the text into a story with proud dignity, focusing on a character's memories and transformation through a long journey."", 'the text into a vivid and engaging story featuring a debate between humanity and the picturesque setting, focusing on the circle at his feet which troubled him.', ""this passage to emphasize the importance of revisiting the core of the master's story and loyalty to their journey.""]",story - journey - text - emphasize - vivid - narrative - passage - report - perspective - essay,False
407,this into nonfiction along national lines.,6,6_story_journey_text_emphasize,"['story', 'journey', 'text', 'emphasize', 'vivid', 'narrative', 'passage', 'report', 'perspective', 'essay']","[""the text into a story with proud dignity, focusing on a character's memories and transformation through a long journey."", 'the text into a vivid and engaging story featuring a debate between humanity and the picturesque setting, focusing on the circle at his feet which troubled him.', ""this passage to emphasize the importance of revisiting the core of the master's story and loyalty to their journey.""]",story - journey - text - emphasize - vivid - narrative - passage - report - perspective - essay,False
416,the script for the story about the adventurous journey with abundant flax and a tired conclusion.,6,6_story_journey_text_emphasize,"['story', 'journey', 'text', 'emphasize', 'vivid', 'narrative', 'passage', 'report', 'perspective', 'essay']","[""the text into a story with proud dignity, focusing on a character's memories and transformation through a long journey."", 'the text into a vivid and engaging story featuring a debate between humanity and the picturesque setting, focusing on the circle at his feet which troubled him.', ""this passage to emphasize the importance of revisiting the core of the master's story and loyalty to their journey.""]",story - journey - text - emphasize - vivid - narrative - passage - report - perspective - essay,False
431,the text to include more positive references to war!,6,6_story_journey_text_emphasize,"['story', 'journey', 'text', 'emphasize', 'vivid', 'narrative', 'passage', 'report', 'perspective', 'essay']","[""the text into a story with proud dignity, focusing on a character's memories and transformation through a long journey."", 'the text into a vivid and engaging story featuring a debate between humanity and the picturesque setting, focusing on the circle at his feet which troubled him.', ""this passage to emphasize the importance of revisiting the core of the master's story and loyalty to their journey.""]",story - journey - text - emphasize - vivid - narrative - passage - report - perspective - essay,False
460,this passage to emphasize the importance of revisiting the core of the master's story and loyalty to their journey.,6,6_story_journey_text_emphasize,"['story', 'journey', 'text', 'emphasize', 'vivid', 'narrative', 'passage', 'report', 'perspective', 'essay']","[""the text into a story with proud dignity, focusing on a character's memories and transformation through a long journey."", 'the text into a vivid and engaging story featuring a debate between humanity and the picturesque setting, focusing on the circle at his feet which troubled him.', ""this passage to emphasize the importance of revisiting the core of the master's story and loyalty to their journey.""]",story - journey - text - emphasize - vivid - narrative - passage - report - perspective - essay,True
462,the coming-of-age story into a philosophical exploration of physical and emotional growth.,6,6_story_journey_text_emphasize,"['story', 'journey', 'text', 'emphasize', 'vivid', 'narrative', 'passage', 'report', 'perspective', 'essay']","[""the text into a story with proud dignity, focusing on a character's memories and transformation through a long journey."", 'the text into a vivid and engaging story featuring a debate between humanity and the picturesque setting, focusing on the circle at his feet which troubled him.', ""this passage to emphasize the importance of revisiting the core of the master's story and loyalty to their journey.""]",story - journey - text - emphasize - vivid - narrative - passage - report - perspective - essay,False
463,a high-end brand slogan.,6,6_story_journey_text_emphasize,"['story', 'journey', 'text', 'emphasize', 'vivid', 'narrative', 'passage', 'report', 'perspective', 'essay']","[""the text into a story with proud dignity, focusing on a character's memories and transformation through a long journey."", 'the text into a vivid and engaging story featuring a debate between humanity and the picturesque setting, focusing on the circle at his feet which troubled him.', ""this passage to emphasize the importance of revisiting the core of the master's story and loyalty to their journey.""]",story - journey - text - emphasize - vivid - narrative - passage - report - perspective - essay,False
468,the conclusion of the article to reflect the perspective of a military service member.,6,6_story_journey_text_emphasize,"['story', 'journey', 'text', 'emphasize', 'vivid', 'narrative', 'passage', 'report', 'perspective', 'essay']","[""the text into a story with proud dignity, focusing on a character's memories and transformation through a long journey."", 'the text into a vivid and engaging story featuring a debate between humanity and the picturesque setting, focusing on the circle at his feet which troubled him.', ""this passage to emphasize the importance of revisiting the core of the master's story and loyalty to their journey.""]",story - journey - text - emphasize - vivid - narrative - passage - report - perspective - essay,False
469,this excerpt to emphasize the characters and the tragedy within it.,6,6_story_journey_text_emphasize,"['story', 'journey', 'text', 'emphasize', 'vivid', 'narrative', 'passage', 'report', 'perspective', 'essay']","[""the text into a story with proud dignity, focusing on a character's memories and transformation through a long journey."", 'the text into a vivid and engaging story featuring a debate between humanity and the picturesque setting, focusing on the circle at his feet which troubled him.', ""this passage to emphasize the importance of revisiting the core of the master's story and loyalty to their journey.""]",story - journey - text - emphasize - vivid - narrative - passage - report - perspective - essay,False
472,a journal entry with a quote from the protagonist.,6,6_story_journey_text_emphasize,"['story', 'journey', 'text', 'emphasize', 'vivid', 'narrative', 'passage', 'report', 'perspective', 'essay']","[""the text into a story with proud dignity, focusing on a character's memories and transformation through a long journey."", 'the text into a vivid and engaging story featuring a debate between humanity and the picturesque setting, focusing on the circle at his feet which troubled him.', ""this passage to emphasize the importance of revisiting the core of the master's story and loyalty to their journey.""]",story - journey - text - emphasize - vivid - narrative - passage - report - perspective - essay,False
475,a newspaper editorial.,6,6_story_journey_text_emphasize,"['story', 'journey', 'text', 'emphasize', 'vivid', 'narrative', 'passage', 'report', 'perspective', 'essay']","[""the text into a story with proud dignity, focusing on a character's memories and transformation through a long journey."", 'the text into a vivid and engaging story featuring a debate between humanity and the picturesque setting, focusing on the circle at his feet which troubled him.', ""this passage to emphasize the importance of revisiting the core of the master's story and loyalty to their journey.""]",story - journey - text - emphasize - vivid - narrative - passage - report - perspective - essay,False
477,this into a stunning advertisement.,6,6_story_journey_text_emphasize,"['story', 'journey', 'text', 'emphasize', 'vivid', 'narrative', 'passage', 'report', 'perspective', 'essay']","[""the text into a story with proud dignity, focusing on a character's memories and transformation through a long journey."", 'the text into a vivid and engaging story featuring a debate between humanity and the picturesque setting, focusing on the circle at his feet which troubled him.', ""this passage to emphasize the importance of revisiting the core of the master's story and loyalty to their journey.""]",story - journey - text - emphasize - vivid - narrative - passage - report - perspective - essay,False
481,"this text by transforming it into a broadcast about the essay, elevating it as if it's twelve feet above the ground.",6,6_story_journey_text_emphasize,"['story', 'journey', 'text', 'emphasize', 'vivid', 'narrative', 'passage', 'report', 'perspective', 'essay']","[""the text into a story with proud dignity, focusing on a character's memories and transformation through a long journey."", 'the text into a vivid and engaging story featuring a debate between humanity and the picturesque setting, focusing on the circle at his feet which troubled him.', ""this passage to emphasize the importance of revisiting the core of the master's story and loyalty to their journey.""]",story - journey - text - emphasize - vivid - narrative - passage - report - perspective - essay,False
486,this text into a description of an astronaut experiencing the beauty of space.,6,6_story_journey_text_emphasize,"['story', 'journey', 'text', 'emphasize', 'vivid', 'narrative', 'passage', 'report', 'perspective', 'essay']","[""the text into a story with proud dignity, focusing on a character's memories and transformation through a long journey."", 'the text into a vivid and engaging story featuring a debate between humanity and the picturesque setting, focusing on the circle at his feet which troubled him.', ""this passage to emphasize the importance of revisiting the core of the master's story and loyalty to their journey.""]",story - journey - text - emphasize - vivid - narrative - passage - report - perspective - essay,False
504,"this to emphasize the captivating beauty of faith and dedication.""",6,6_story_journey_text_emphasize,"['story', 'journey', 'text', 'emphasize', 'vivid', 'narrative', 'passage', 'report', 'perspective', 'essay']","[""the text into a story with proud dignity, focusing on a character's memories and transformation through a long journey."", 'the text into a vivid and engaging story featuring a debate between humanity and the picturesque setting, focusing on the circle at his feet which troubled him.', ""this passage to emphasize the importance of revisiting the core of the master's story and loyalty to their journey.""]",story - journey - text - emphasize - vivid - narrative - passage - report - perspective - essay,False
505,"this text by incorporating the theme of interconnectedness in the essay ""On the Dragons"" and explore the concept of absurdity throughout different periods in history across the continents.",6,6_story_journey_text_emphasize,"['story', 'journey', 'text', 'emphasize', 'vivid', 'narrative', 'passage', 'report', 'perspective', 'essay']","[""the text into a story with proud dignity, focusing on a character's memories and transformation through a long journey."", 'the text into a vivid and engaging story featuring a debate between humanity and the picturesque setting, focusing on the circle at his feet which troubled him.', ""this passage to emphasize the importance of revisiting the core of the master's story and loyalty to their journey.""]",story - journey - text - emphasize - vivid - narrative - passage - report - perspective - essay,False
538,this text as if it were a masterpiece.,6,6_story_journey_text_emphasize,"['story', 'journey', 'text', 'emphasize', 'vivid', 'narrative', 'passage', 'report', 'perspective', 'essay']","[""the text into a story with proud dignity, focusing on a character's memories and transformation through a long journey."", 'the text into a vivid and engaging story featuring a debate between humanity and the picturesque setting, focusing on the circle at his feet which troubled him.', ""this passage to emphasize the importance of revisiting the core of the master's story and loyalty to their journey.""]",story - journey - text - emphasize - vivid - narrative - passage - report - perspective - essay,False
558,this to heighten the impact on the reader's senses and captivate like a guerrilla marketing campaign to further a discussion where individuality shines through in the narrative as a vivid sequence of urban scenes.,6,6_story_journey_text_emphasize,"['story', 'journey', 'text', 'emphasize', 'vivid', 'narrative', 'passage', 'report', 'perspective', 'essay']","[""the text into a story with proud dignity, focusing on a character's memories and transformation through a long journey."", 'the text into a vivid and engaging story featuring a debate between humanity and the picturesque setting, focusing on the circle at his feet which troubled him.', ""this passage to emphasize the importance of revisiting the core of the master's story and loyalty to their journey.""]",story - journey - text - emphasize - vivid - narrative - passage - report - perspective - essay,False
559,the storyline of the text into a contract to transcend the physical boundaries of high school premises.,6,6_story_journey_text_emphasize,"['story', 'journey', 'text', 'emphasize', 'vivid', 'narrative', 'passage', 'report', 'perspective', 'essay']","[""the text into a story with proud dignity, focusing on a character's memories and transformation through a long journey."", 'the text into a vivid and engaging story featuring a debate between humanity and the picturesque setting, focusing on the circle at his feet which troubled him.', ""this passage to emphasize the importance of revisiting the core of the master's story and loyalty to their journey.""]",story - journey - text - emphasize - vivid - narrative - passage - report - perspective - essay,False
579,this as a lecture breaking down a news report into its founding story as if it were a high-quality blog post.,6,6_story_journey_text_emphasize,"['story', 'journey', 'text', 'emphasize', 'vivid', 'narrative', 'passage', 'report', 'perspective', 'essay']","[""the text into a story with proud dignity, focusing on a character's memories and transformation through a long journey."", 'the text into a vivid and engaging story featuring a debate between humanity and the picturesque setting, focusing on the circle at his feet which troubled him.', ""this passage to emphasize the importance of revisiting the core of the master's story and loyalty to their journey.""]",story - journey - text - emphasize - vivid - narrative - passage - report - perspective - essay,False
581,readability and engagement in the whole story by presenting it from the perspective of the haggard stranger declaring the end of a company culture in the eyes of the highlanders.,6,6_story_journey_text_emphasize,"['story', 'journey', 'text', 'emphasize', 'vivid', 'narrative', 'passage', 'report', 'perspective', 'essay']","[""the text into a story with proud dignity, focusing on a character's memories and transformation through a long journey."", 'the text into a vivid and engaging story featuring a debate between humanity and the picturesque setting, focusing on the circle at his feet which troubled him.', ""this passage to emphasize the importance of revisiting the core of the master's story and loyalty to their journey.""]",story - journey - text - emphasize - vivid - narrative - passage - report - perspective - essay,False
600,the story with Helen expressing her indignation to the papers.,6,6_story_journey_text_emphasize,"['story', 'journey', 'text', 'emphasize', 'vivid', 'narrative', 'passage', 'report', 'perspective', 'essay']","[""the text into a story with proud dignity, focusing on a character's memories and transformation through a long journey."", 'the text into a vivid and engaging story featuring a debate between humanity and the picturesque setting, focusing on the circle at his feet which troubled him.', ""this passage to emphasize the importance of revisiting the core of the master's story and loyalty to their journey.""]",story - journey - text - emphasize - vivid - narrative - passage - report - perspective - essay,False
613,"and enhance the narrative by delving deeper into the internal struggles and dilemmas the protagonist faces, creating a poignant atmosphere with limited external influences.",6,6_story_journey_text_emphasize,"['story', 'journey', 'text', 'emphasize', 'vivid', 'narrative', 'passage', 'report', 'perspective', 'essay']","[""the text into a story with proud dignity, focusing on a character's memories and transformation through a long journey."", 'the text into a vivid and engaging story featuring a debate between humanity and the picturesque setting, focusing on the circle at his feet which troubled him.', ""this passage to emphasize the importance of revisiting the core of the master's story and loyalty to their journey.""]",story - journey - text - emphasize - vivid - narrative - passage - report - perspective - essay,False
634,this into an article about the sights of Edinburgh.,6,6_story_journey_text_emphasize,"['story', 'journey', 'text', 'emphasize', 'vivid', 'narrative', 'passage', 'report', 'perspective', 'essay']","[""the text into a story with proud dignity, focusing on a character's memories and transformation through a long journey."", 'the text into a vivid and engaging story featuring a debate between humanity and the picturesque setting, focusing on the circle at his feet which troubled him.', ""this passage to emphasize the importance of revisiting the core of the master's story and loyalty to their journey.""]",story - journey - text - emphasize - vivid - narrative - passage - report - perspective - essay,False
636,your history essay to imbue it with wisdom and resilience.,6,6_story_journey_text_emphasize,"['story', 'journey', 'text', 'emphasize', 'vivid', 'narrative', 'passage', 'report', 'perspective', 'essay']","[""the text into a story with proud dignity, focusing on a character's memories and transformation through a long journey."", 'the text into a vivid and engaging story featuring a debate between humanity and the picturesque setting, focusing on the circle at his feet which troubled him.', ""this passage to emphasize the importance of revisiting the core of the master's story and loyalty to their journey.""]",story - journey - text - emphasize - vivid - narrative - passage - report - perspective - essay,False
662,modify this. Make it as a strong motivational monologue from Scotland.,6,6_story_journey_text_emphasize,"['story', 'journey', 'text', 'emphasize', 'vivid', 'narrative', 'passage', 'report', 'perspective', 'essay']","[""the text into a story with proud dignity, focusing on a character's memories and transformation through a long journey."", 'the text into a vivid and engaging story featuring a debate between humanity and the picturesque setting, focusing on the circle at his feet which troubled him.', ""this passage to emphasize the importance of revisiting the core of the master's story and loyalty to their journey.""]",story - journey - text - emphasize - vivid - narrative - passage - report - perspective - essay,False
732,this into a tale of monarchs and their journey to discover the hidden beauty beneath the surface evolving into an extraterrestrial departure.,6,6_story_journey_text_emphasize,"['story', 'journey', 'text', 'emphasize', 'vivid', 'narrative', 'passage', 'report', 'perspective', 'essay']","[""the text into a story with proud dignity, focusing on a character's memories and transformation through a long journey."", 'the text into a vivid and engaging story featuring a debate between humanity and the picturesque setting, focusing on the circle at his feet which troubled him.', ""this passage to emphasize the importance of revisiting the core of the master's story and loyalty to their journey.""]",story - journey - text - emphasize - vivid - narrative - passage - report - perspective - essay,False
735,"the text into a vivid and engaging story featuring a debate between humanity and the picturesque setting, focusing on the circle at his feet which troubled him.",6,6_story_journey_text_emphasize,"['story', 'journey', 'text', 'emphasize', 'vivid', 'narrative', 'passage', 'report', 'perspective', 'essay']","[""the text into a story with proud dignity, focusing on a character's memories and transformation through a long journey."", 'the text into a vivid and engaging story featuring a debate between humanity and the picturesque setting, focusing on the circle at his feet which troubled him.', ""this passage to emphasize the importance of revisiting the core of the master's story and loyalty to their journey.""]",story - journey - text - emphasize - vivid - narrative - passage - report - perspective - essay,True
743,"the story into a modernized epic tale centered around the themes of family, sacrifice, wealth, and hardship.",6,6_story_journey_text_emphasize,"['story', 'journey', 'text', 'emphasize', 'vivid', 'narrative', 'passage', 'report', 'perspective', 'essay']","[""the text into a story with proud dignity, focusing on a character's memories and transformation through a long journey."", 'the text into a vivid and engaging story featuring a debate between humanity and the picturesque setting, focusing on the circle at his feet which troubled him.', ""this passage to emphasize the importance of revisiting the core of the master's story and loyalty to their journey.""]",story - journey - text - emphasize - vivid - narrative - passage - report - perspective - essay,False
751,this into a memoir about experiencing a significant societal shift that transformed the early Church in the year 1219.,6,6_story_journey_text_emphasize,"['story', 'journey', 'text', 'emphasize', 'vivid', 'narrative', 'passage', 'report', 'perspective', 'essay']","[""the text into a story with proud dignity, focusing on a character's memories and transformation through a long journey."", 'the text into a vivid and engaging story featuring a debate between humanity and the picturesque setting, focusing on the circle at his feet which troubled him.', ""this passage to emphasize the importance of revisiting the core of the master's story and loyalty to their journey.""]",story - journey - text - emphasize - vivid - narrative - passage - report - perspective - essay,False
753,transform this into a passionate reading.,6,6_story_journey_text_emphasize,"['story', 'journey', 'text', 'emphasize', 'vivid', 'narrative', 'passage', 'report', 'perspective', 'essay']","[""the text into a story with proud dignity, focusing on a character's memories and transformation through a long journey."", 'the text into a vivid and engaging story featuring a debate between humanity and the picturesque setting, focusing on the circle at his feet which troubled him.', ""this passage to emphasize the importance of revisiting the core of the master's story and loyalty to their journey.""]",story - journey - text - emphasize - vivid - narrative - passage - report - perspective - essay,False
765,"a story involving a tea ceremony accompanied by the scent of wood smoke and steel, and make sure to submit it for review.",6,6_story_journey_text_emphasize,"['story', 'journey', 'text', 'emphasize', 'vivid', 'narrative', 'passage', 'report', 'perspective', 'essay']","[""the text into a story with proud dignity, focusing on a character's memories and transformation through a long journey."", 'the text into a vivid and engaging story featuring a debate between humanity and the picturesque setting, focusing on the circle at his feet which troubled him.', ""this passage to emphasize the importance of revisiting the core of the master's story and loyalty to their journey.""]",story - journey - text - emphasize - vivid - narrative - passage - report - perspective - essay,False
780,revise the story about the steadfast commitment to interpreting ancient texts.,6,6_story_journey_text_emphasize,"['story', 'journey', 'text', 'emphasize', 'vivid', 'narrative', 'passage', 'report', 'perspective', 'essay']","[""the text into a story with proud dignity, focusing on a character's memories and transformation through a long journey."", 'the text into a vivid and engaging story featuring a debate between humanity and the picturesque setting, focusing on the circle at his feet which troubled him.', ""this passage to emphasize the importance of revisiting the core of the master's story and loyalty to their journey.""]",story - journey - text - emphasize - vivid - narrative - passage - report - perspective - essay,False
802,"infuse this text with wisdom and evoke the emotions felt as the Cossacks journeyed through the Project Gutenberg eBook of ""Queen.""",6,6_story_journey_text_emphasize,"['story', 'journey', 'text', 'emphasize', 'vivid', 'narrative', 'passage', 'report', 'perspective', 'essay']","[""the text into a story with proud dignity, focusing on a character's memories and transformation through a long journey."", 'the text into a vivid and engaging story featuring a debate between humanity and the picturesque setting, focusing on the circle at his feet which troubled him.', ""this passage to emphasize the importance of revisiting the core of the master's story and loyalty to their journey.""]",story - journey - text - emphasize - vivid - narrative - passage - report - perspective - essay,False
803,an excerpt by incorporating the theme of resilience into the text.,6,6_story_journey_text_emphasize,"['story', 'journey', 'text', 'emphasize', 'vivid', 'narrative', 'passage', 'report', 'perspective', 'essay']","[""the text into a story with proud dignity, focusing on a character's memories and transformation through a long journey."", 'the text into a vivid and engaging story featuring a debate between humanity and the picturesque setting, focusing on the circle at his feet which troubled him.', ""this passage to emphasize the importance of revisiting the core of the master's story and loyalty to their journey.""]",story - journey - text - emphasize - vivid - narrative - passage - report - perspective - essay,False
808,the story to emphasize the wrinkles in the Aberdeen.,6,6_story_journey_text_emphasize,"['story', 'journey', 'text', 'emphasize', 'vivid', 'narrative', 'passage', 'report', 'perspective', 'essay']","[""the text into a story with proud dignity, focusing on a character's memories and transformation through a long journey."", 'the text into a vivid and engaging story featuring a debate between humanity and the picturesque setting, focusing on the circle at his feet which troubled him.', ""this passage to emphasize the importance of revisiting the core of the master's story and loyalty to their journey.""]",story - journey - text - emphasize - vivid - narrative - passage - report - perspective - essay,False
815,rephrase this text as if it were written by someone who values history the most.,6,6_story_journey_text_emphasize,"['story', 'journey', 'text', 'emphasize', 'vivid', 'narrative', 'passage', 'report', 'perspective', 'essay']","[""the text into a story with proud dignity, focusing on a character's memories and transformation through a long journey."", 'the text into a vivid and engaging story featuring a debate between humanity and the picturesque setting, focusing on the circle at his feet which troubled him.', ""this passage to emphasize the importance of revisiting the core of the master's story and loyalty to their journey.""]",story - journey - text - emphasize - vivid - narrative - passage - report - perspective - essay,False
822,"rephrase this into: ""Highlight the essential role of a Celtic salute that is historically significant and conveys reverence.""",6,6_story_journey_text_emphasize,"['story', 'journey', 'text', 'emphasize', 'vivid', 'narrative', 'passage', 'report', 'perspective', 'essay']","[""the text into a story with proud dignity, focusing on a character's memories and transformation through a long journey."", 'the text into a vivid and engaging story featuring a debate between humanity and the picturesque setting, focusing on the circle at his feet which troubled him.', ""this passage to emphasize the importance of revisiting the core of the master's story and loyalty to their journey.""]",story - journey - text - emphasize - vivid - narrative - passage - report - perspective - essay,False
832,this text as an engaging tale about exploring islands in search of magical powers hidden within vibrant colors inspired by the famous 16th-century bishop Elphinstone.,6,6_story_journey_text_emphasize,"['story', 'journey', 'text', 'emphasize', 'vivid', 'narrative', 'passage', 'report', 'perspective', 'essay']","[""the text into a story with proud dignity, focusing on a character's memories and transformation through a long journey."", 'the text into a vivid and engaging story featuring a debate between humanity and the picturesque setting, focusing on the circle at his feet which troubled him.', ""this passage to emphasize the importance of revisiting the core of the master's story and loyalty to their journey.""]",story - journey - text - emphasize - vivid - narrative - passage - report - perspective - essay,False
858,a news report.,6,6_story_journey_text_emphasize,"['story', 'journey', 'text', 'emphasize', 'vivid', 'narrative', 'passage', 'report', 'perspective', 'essay']","[""the text into a story with proud dignity, focusing on a character's memories and transformation through a long journey."", 'the text into a vivid and engaging story featuring a debate between humanity and the picturesque setting, focusing on the circle at his feet which troubled him.', ""this passage to emphasize the importance of revisiting the core of the master's story and loyalty to their journey.""]",story - journey - text - emphasize - vivid - narrative - passage - report - perspective - essay,False
873,the essay with a heartfelt tone and indicate that it was composed during times of war.,6,6_story_journey_text_emphasize,"['story', 'journey', 'text', 'emphasize', 'vivid', 'narrative', 'passage', 'report', 'perspective', 'essay']","[""the text into a story with proud dignity, focusing on a character's memories and transformation through a long journey."", 'the text into a vivid and engaging story featuring a debate between humanity and the picturesque setting, focusing on the circle at his feet which troubled him.', ""this passage to emphasize the importance of revisiting the core of the master's story and loyalty to their journey.""]",story - journey - text - emphasize - vivid - narrative - passage - report - perspective - essay,False
875,an essay on the implied warranties of north-easterly gales into a heartfelt letter from a king on a journey of survival.,6,6_story_journey_text_emphasize,"['story', 'journey', 'text', 'emphasize', 'vivid', 'narrative', 'passage', 'report', 'perspective', 'essay']","[""the text into a story with proud dignity, focusing on a character's memories and transformation through a long journey."", 'the text into a vivid and engaging story featuring a debate between humanity and the picturesque setting, focusing on the circle at his feet which troubled him.', ""this passage to emphasize the importance of revisiting the core of the master's story and loyalty to their journey.""]",story - journey - text - emphasize - vivid - narrative - passage - report - perspective - essay,False
882,a higher tragedy by transforming the Earl of the essay through drinking.,6,6_story_journey_text_emphasize,"['story', 'journey', 'text', 'emphasize', 'vivid', 'narrative', 'passage', 'report', 'perspective', 'essay']","[""the text into a story with proud dignity, focusing on a character's memories and transformation through a long journey."", 'the text into a vivid and engaging story featuring a debate between humanity and the picturesque setting, focusing on the circle at his feet which troubled him.', ""this passage to emphasize the importance of revisiting the core of the master's story and loyalty to their journey.""]",story - journey - text - emphasize - vivid - narrative - passage - report - perspective - essay,False
885,the text to reflect a sense of admiration and wonder.,6,6_story_journey_text_emphasize,"['story', 'journey', 'text', 'emphasize', 'vivid', 'narrative', 'passage', 'report', 'perspective', 'essay']","[""the text into a story with proud dignity, focusing on a character's memories and transformation through a long journey."", 'the text into a vivid and engaging story featuring a debate between humanity and the picturesque setting, focusing on the circle at his feet which troubled him.', ""this passage to emphasize the importance of revisiting the core of the master's story and loyalty to their journey.""]",story - journey - text - emphasize - vivid - narrative - passage - report - perspective - essay,False
891,this statement to emphasize the importance of storytelling in bridging communities through innovation.,6,6_story_journey_text_emphasize,"['story', 'journey', 'text', 'emphasize', 'vivid', 'narrative', 'passage', 'report', 'perspective', 'essay']","[""the text into a story with proud dignity, focusing on a character's memories and transformation through a long journey."", 'the text into a vivid and engaging story featuring a debate between humanity and the picturesque setting, focusing on the circle at his feet which troubled him.', ""this passage to emphasize the importance of revisiting the core of the master's story and loyalty to their journey.""]",story - journey - text - emphasize - vivid - narrative - passage - report - perspective - essay,False
892,the text from the story into an essay by drawing on themes of sorrow and separation during the summer.,6,6_story_journey_text_emphasize,"['story', 'journey', 'text', 'emphasize', 'vivid', 'narrative', 'passage', 'report', 'perspective', 'essay']","[""the text into a story with proud dignity, focusing on a character's memories and transformation through a long journey."", 'the text into a vivid and engaging story featuring a debate between humanity and the picturesque setting, focusing on the circle at his feet which troubled him.', ""this passage to emphasize the importance of revisiting the core of the master's story and loyalty to their journey.""]",story - journey - text - emphasize - vivid - narrative - passage - report - perspective - essay,False
912,"the passage as: ""The correspondents unshipped once more, creating suspense. It highlighted the celebrated physician's narrow yet uplifting journey.""",6,6_story_journey_text_emphasize,"['story', 'journey', 'text', 'emphasize', 'vivid', 'narrative', 'passage', 'report', 'perspective', 'essay']","[""the text into a story with proud dignity, focusing on a character's memories and transformation through a long journey."", 'the text into a vivid and engaging story featuring a debate between humanity and the picturesque setting, focusing on the circle at his feet which troubled him.', ""this passage to emphasize the importance of revisiting the core of the master's story and loyalty to their journey.""]",story - journey - text - emphasize - vivid - narrative - passage - report - perspective - essay,False
942,"the mood by incorporating a line from the essay with a customer journey, weaving in mysterious ancient scriptures.",6,6_story_journey_text_emphasize,"['story', 'journey', 'text', 'emphasize', 'vivid', 'narrative', 'passage', 'report', 'perspective', 'essay']","[""the text into a story with proud dignity, focusing on a character's memories and transformation through a long journey."", 'the text into a vivid and engaging story featuring a debate between humanity and the picturesque setting, focusing on the circle at his feet which troubled him.', ""this passage to emphasize the importance of revisiting the core of the master's story and loyalty to their journey.""]",story - journey - text - emphasize - vivid - narrative - passage - report - perspective - essay,False
